,statin,lipid,cholesterol,obesity,total
ketoscience,1,1,1,1,4
science,1,1,1,1,4
keto,1,1,1,1,4
health,1,1,1,1,4
conspiracy,1,1,1,1,4
scientificnutrition,1,1,1,1,4
todayilearned,1,1,1,1,4
askscience,1,1,1,1,4
futurology,0,1,1,1,3
nutrition,1,1,1,0,3
news,1,0,1,1,3
fasting,0,1,1,1,3
fitness,0,1,1,1,3
plantbaseddiet,1,1,1,0,3
paleo,1,1,1,0,3
supplements,1,1,1,0,3
longevity,1,1,1,0,3
coronavirus,1,1,0,1,3
cholesterol,1,1,1,0,3
covid19,1,1,1,0,3
intermittentfasting,0,0,1,1,2
fatlogic,0,0,1,1,2
zerocarb,0,1,1,0,2
advancedfitness,0,1,0,1,2
saturatedfat,0,1,0,1,2
vegan,0,1,1,0,2
testosterone,0,1,1,0,2
memes,0,0,1,1,2
loseit,0,0,1,1,2
ketogains,0,1,1,0,2
dankmemes,0,0,1,1,2
funny,0,0,1,1,2
politics,0,0,1,1,2
stopusingstatins,1,0,1,0,2
steroids,0,1,1,0,2
reddit,0,0,1,1,2
medicine,1,0,0,1,2
diabetes,1,0,1,0,2
everythingscience,1,0,0,1,2
australia,1,0,0,1,2
skeptic,1,0,1,0,2
worldnews,1,0,0,1,2
nootropics,1,1,0,0,2
truereddit,0,0,0,1,1
fivetwo,0,0,1,0,1
bingeeatingdisorder,0,0,1,0,1
obesitysupport,0,0,0,1,1
heartdisease,0,0,1,0,1
holdmyfries,0,0,1,0,1
lipitorrx,0,0,1,0,1
ecdysterone,0,0,1,0,1
obesitykills,0,0,0,1,1
fitmeals,0,0,1,0,1
obesity,0,0,0,1,1
antivegan,0,0,1,0,1
hypothyroidism,0,0,1,0,1
healthyfood,0,0,1,0,1
vegetarian,0,0,1,0,1
animalobesity,0,0,0,1,1
dundermifflin,0,0,1,0,1
coronavirusobesity,0,0,0,1,1
lowcholesterolstyle,0,0,1,0,1
obesitydiscussion,0,0,0,1,1
conservative,0,0,0,1,1
documentaries,0,0,0,1,1
pics,0,0,0,1,1
libertarian,0,0,0,1,1
changemyview,0,0,0,1,1
shitredditsays,0,0,0,1,1
nattyorjuice,0,0,0,1,1
shittyfoodporn,0,0,1,0,1
unpopularopinion,0,0,0,1,1
progresspics,0,0,0,1,1
teenagers,0,0,0,1,1
mapporn,0,0,0,1,1
obesityanger,0,0,0,1,1
dataisbeautiful,0,0,0,1,1
ukpolitics,0,0,0,1,1
adviceanimals,0,0,0,1,1
shittyaskscience,0,0,0,1,1
unitedkingdom,0,0,0,1,1
tumblrinaction,0,0,0,1,1
askreddit,0,0,0,1,1
fatpeoplestories,0,0,0,1,1
jokes,0,0,0,1,1
fitnesscirclejerk,0,0,0,1,1
scholar,0,1,0,0,1
thesimpsons,0,0,1,0,1
carnivore,0,0,1,0,1
mcat,0,1,0,0,1
inovio,0,1,0,0,1
debatevaccines,0,1,0,0,1
biochemistry,0,1,0,0,1
skincareaddiction,0,1,0,0,1
foodnerds,0,1,0,0,1
biology,0,1,0,0,1
cannabisextracts,0,1,0,0,1
diettea,0,1,0,0,1
statingcurrentyear,1,0,0,0,1
cbd,1,0,0,0,1
talesfromthepharmacy,1,0,0,0,1
stackadvice,1,0,0,0,1
lowcarb,1,0,0,0,1
medicalschool,1,0,0,0,1
type2diabetes,1,0,0,0,1
diabetes_t1,1,0,0,0,1
cardiology,1,0,0,0,1
diabetes_t2,1,0,0,0,1
covidlonghaulers,1,0,0,0,1
pharmacy,1,0,0,0,1
freebies,0,1,0,0,1
banned4life,0,1,0,0,1
rosin,0,1,0,0,1
gauchers,0,1,0,0,1
accutane,0,0,1,0,1
askdocs,0,0,1,0,1
explainlikeimfive,0,0,1,0,1
xxketo,0,0,1,0,1
eatcheapandhealthy,0,0,1,0,1
vegancirclejerk,0,0,1,0,1
vapoureyes,0,1,0,0,1
keheheonnttfkurkaibe,0,1,0,0,1
glutathione,0,1,0,0,1
milkmasters,0,1,0,0,1
awwducational,0,1,0,0,1
teamlipid,0,1,0,0,1
lipidbiology,0,1,0,0,1
blender,0,1,0,0,1
stopeatingseedoils,0,1,0,0,1
sarmssourcetalk,0,1,0,0,1
wayofthebern,0,1,0,0,1
drugnerds,0,1,0,0,1
nursing,0,1,0,0,1
chemistry,0,1,0,0,1
goodbyeobesity,0,0,0,1,1
